,Game,Year,Genre,North America,Europe,Japan,Rest of World,Global
0,Grand Theft Auto V,2014.0,Action,4.7,3.25,0.01,0.76,8.72
1,Call of Duty: Black Ops 3,2015.0,Shooter,4.63,2.04,0.02,0.68,7.37
2,Call of Duty: WWII,2017.0,Shooter,3.75,1.91,0.0,0.57,6.23
3,Red Dead Redemption 2,2018.0,Action-Adventure,3.76,1.47,0.0,0.54,5.77
4,MineCraft,2014.0,Misc,3.23,1.71,0.0,0.49,5.43
5,Call of Duty: Advanced Warfare,2014.0,Shooter,3.25,1.49,0.01,0.48,5.22
6,Battlefield 1,2016.0,Shooter,3.37,1.26,0.02,0.48,5.13
7,Fallout 4,2015.0,Role-Playing,2.94,1.62,0.02,0.45,5.03
8,Halo 5: Guardians,2015.0,Shooter,2.94,1.49,0.03,0.45,4.92
9,Call of Duty: Infinite Warfare,2016.0,Shooter,2.91,1.44,0.0,0.44,4.79
10,Star Wars Battlefront (2015),2015.0,Shooter,2.49,1.26,0.02,0.38,4.15
11,Forza Horizon 3,2016.0,Racing,1.64,1.96,0.02,0.32,3.93
12,FIFA 17,2016.0,Sports,1.04,2.4,0.0,0.27,3.71
13,Gears of War: Ultimate Edition,2015.0,Shooter,2.88,0.37,0.0,0.37,3.62
14,Assassin's Creed: Unity,2014.0,Action,2.34,0.9,0.0,0.34,3.58
15,Halo: The Master Chief Collection,2014.0,Shooter,2.06,1.04,0.03,0.31,3.44
16,Destiny,2014.0,Shooter,2.17,0.92,0.0,0.32,3.41
17,Gears of War 4,2016.0,Shooter,2.17,0.9,0.0,0.32,3.38
18,FIFA 16,2015.0,Sports,0.92,2.1,0.0,0.24,3.25
19,FIFA 18,2017.0,Sports,0.98,1.92,0.0,0.23,3.14
20,Titanfall,2014.0,Shooter,1.88,0.91,0.04,0.28,3.11
21,Call of Duty: Ghosts,2013.0,Shooter,1.92,0.86,0.0,0.28,3.07
22,Overwatch,2016.0,Shooter,1.63,0.84,0.0,0.25,2.72
23,Tom Clancy's Rainbow Six: Siege,2015.0,Shooter,1.62,0.84,0.0,0.25,2.71
24,Tom Clancy's The Division,2016.0,Shooter,1.54,0.82,0.0,0.24,2.59
25,Assassin's Creed Origins,2017.0,Action,1.34,0.92,0.0,0.22,2.47
26,Madden NFL 16,2015.0,Sports,2.13,0.08,0.0,0.26,2.47
27,Madden NFL 17,2016.0,Sports,2.14,0.04,0.0,0.26,2.44
28,NBA 2K16,2015.0,Sports,2.01,0.15,0.0,0.25,2.41
29,Forza Motorsport 5,2013.0,Racing,1.28,0.9,0.01,0.21,2.4
30,Destiny 2,2017.0,Shooter,1.66,0.47,0.0,0.23,2.35
31,Assassin's Creed IV: Black Flag,2013.0,Action,1.51,0.59,0.0,0.22,2.32
32,FIFA 15,2014.0,Sports,0.64,1.39,0.0,0.16,2.19
33,PlayerUnknown's Battlegrounds,2017.0,Shooter,1.29,0.69,0.0,0.2,2.17
34,Battlefield 4,2013.0,Shooter,1.26,0.65,0.0,0.19,2.09
35,NBA 2K17,2016.0,Sports,1.7,0.12,0.0,0.21,2.04
36,Forza Motorsport 6,2015.0,Racing,0.9,0.92,0.04,0.16,2.02
37,NBA 2K18,2017.0,Sports,1.67,0.14,0.0,0.21,2.02
38,Star Wars Battlefront II (2017),2017.0,Shooter,1.15,0.59,0.0,0.17,1.92
39,Madden NFL 18,2017.0,Sports,1.63,0.07,0.0,0.2,1.91
40,The Elder Scrolls V: Skyrim,2016.0,Role-Playing,1.13,0.53,0.0,0.17,1.83
41,Far Cry 5,2018.0,Action,1.14,0.47,0.0,0.17,1.78
42,Mortal Kombat X,2015.0,Fighting,1.34,0.23,0.0,0.18,1.74
43,NBA 2K15,2014.0,Sports,1.39,0.18,0.0,0.18,1.74
44,The Witcher 3: Wild Hunt,2015.0,Role-Playing,0.97,0.61,0.01,0.15,1.74
45,Far Cry 4,2014.0,Shooter,0.85,0.68,0.02,0.14,1.68
46,Watch Dogs,2014.0,Action-Adventure,0.91,0.59,0.0,0.15,1.64
47,Dead Rising 3,2013.0,Action,1.06,0.4,0.01,0.15,1.63
48,Tom Clancy's Ghost Recon Wildlands,2017.0,Shooter,0.98,0.48,0.0,0.15,1.61
49,Madden NFL 15,2014.0,Sports,1.34,0.1,0.0,0.17,1.6
50,Rise of the Tomb Raider,2015.0,Adventure,0.61,0.82,0.03,0.12,1.58
51,Batman: Arkham Knight,2015.0,Action,0.97,0.46,0.0,0.14,1.58
52,Forza Motorsport 7,2017.0,Racing,0.58,0.81,0.01,0.12,1.52
53,Dying Light,2015.0,Action,1.01,0.31,0.01,0.14,1.47
54,Ryse,2013.0,Action,0.84,0.49,0.0,0.13,1.47
55,Forza Horizon 2,2014.0,Racing,0.56,0.79,0.01,0.11,1.46
56,Doom (2016),2016.0,Shooter,0.76,0.57,0.0,0.13,1.45
57,Assassin's Creed Syndicate,2015.0,Action,0.71,0.61,0.0,0.12,1.44
58,Middle-Earth: Shadow of Mordor,2014.0,Action,0.77,0.52,0.01,0.12,1.42
59,Rocket League,2016.0,Sports,0.52,0.75,0.0,0.11,1.38
60,The Elder Scrolls Online,2015.0,MMO,0.86,0.39,0.0,0.13,1.38
61,Titanfall 2,2016.0,Shooter,0.88,0.37,0.0,0.13,1.37
62,Watch Dogs 2,2016.0,Action,0.71,0.53,0.0,0.12,1.35
63,FIFA Soccer 14,2013.0,Sports,0.44,0.78,0.0,0.1,1.31
64,Destiny: The Taken King,2015.0,Shooter,0.91,0.23,0.0,0.12,1.27
65,Battlefield: Hardline,2015.0,Shooter,0.73,0.39,0.01,0.11,1.24
66,Sunset Overdrive,2014.0,Action,0.64,0.42,0.0,0.1,1.16
67,Middle-Earth: Shadow of War,2017.0,Action,0.75,0.29,0.0,0.11,1.15
68,Lego Marvel Super Heroes,2013.0,Action,0.61,0.44,0.0,0.1,1.15
69,Final Fantasy XV,2016.0,Role-Playing,0.72,0.3,0.01,0.11,1.14
70,Mafia III,2016.0,Action-Adventure,0.54,0.48,0.0,0.09,1.11
71,Diablo III,2014.0,Role-Playing,0.62,0.32,0.0,0.09,1.04
72,Just Cause 3,2015.0,Action-Adventure,0.52,0.41,0.0,0.09,1.01
73,Far Cry: Primal,2016.0,Action-Adventure,0.51,0.41,0.0,0.09,1.0
74,Dragon Age III: Inquisition,2014.0,Role-Playing,0.63,0.27,0.0,0.09,0.99
75,Sea of Thieves,2018.0,Action-Adventure,0.6,0.27,0.0,0.09,0.96
76,NBA 2K14,2013.0,Sports,0.72,0.12,0.0,0.09,0.94
77,Monster Hunter: World,2018.0,Action,0.67,0.17,0.0,0.09,0.93
78,Injustice 2,2017.0,Fighting,0.65,0.16,0.0,0.09,0.89
79,Resident Evil VII: Biohazard,2017.0,Action,0.51,0.3,0.0,0.08,0.89
80,For Honor,2017.0,Action,0.57,0.21,0.0,0.08,0.87
81,Dishonored 2,2016.0,Action,0.47,0.31,0.0,0.08,0.86
82,Plants vs. Zombies: Garden Warfare 2,2016.0,Shooter,0.47,0.32,0.0,0.08,0.86
83,Madden NFL 25,2013.0,Sports,0.69,0.06,0.0,0.09,0.83
84,Metal Gear Solid V: The Phantom Pain,2015.0,Action,0.49,0.25,0.02,0.07,0.83
85,Guitar Hero Live,2015.0,Music,0.52,0.23,0.0,0.08,0.83
86,Dark Souls III,2016.0,Role-Playing,0.56,0.15,0.0,0.08,0.79
87,LEGO Jurassic World,2015.0,Action,0.44,0.27,0.0,0.07,0.78
88,Rare Replay,2015.0,Misc,0.42,0.27,0.01,0.07,0.78
89,Mass Effect: Andromeda,2017.0,Role-Playing,0.5,0.2,0.0,0.07,0.78
90,Minecraft: Story Mode,2015.0,Adventure,0.46,0.24,0.0,0.07,0.77
91,Fortnite,2017.0,Action,0.6,0.09,0.0,0.08,0.77
92,Quantum Break,2016.0,Action,0.42,0.25,0.02,0.07,0.76
93,Wolfenstein: The New Order,2014.0,Shooter,0.39,0.3,0.0,0.06,0.75
94,Rock Band 4,2015.0,Music,0.62,0.05,0.0,0.08,0.75
95,Need for Speed (2015),2015.0,Racing,0.35,0.33,0.0,0.06,0.74
96,The Sims 4,2017.0,Simulation,0.42,0.24,0.0,0.07,0.73
97,Need for Speed: Payback,2017.0,Racing,0.42,0.24,0.0,0.07,0.73
98,Dead Rising 4,2016.0,Action-Adventure,0.41,0.25,0.0,0.06,0.73
99,LEGO Dimensions,2015.0,Action,0.47,0.18,0.0,0.07,0.72
100,The Crew,2014.0,Racing,0.32,0.34,0.0,0.06,0.71
101,Plants vs Zombies: Garden Warfare,2014.0,Shooter,0.39,0.25,0.0,0.06,0.71
102,Need for Speed Rivals,2013.0,Racing,0.45,0.19,0.0,0.07,0.7
103,Wolfenstein II: The New Colossus,2017.0,Shooter,0.45,0.19,0.0,0.07,0.7
104,The Evil Within,2014.0,Misc,0.36,0.27,0.0,0.06,0.69
105,LEGO Worlds,2017.0,Misc,0.28,0.35,0.0,0.05,0.69
106,Borderlands: The Handsome Collection,2015.0,Shooter,0.49,0.13,0.0,0.07,0.68
107,Evolve,2015.0,Shooter,0.4,0.2,0.0,0.06,0.67
108,WWE 2K18,2017.0,Sports,0.35,0.25,0.0,0.06,0.66
109,Tomb Raider (2013),2014.0,Action-Adventure,0.38,0.22,0.0,0.06,0.66
110,The LEGO Movie Videogame,2014.0,Action-Adventure,0.42,0.17,0.0,0.06,0.65
111,WWE 2K16,2015.0,Sports,0.34,0.24,0.0,0.06,0.63
112,Kinect Sports Rivals,2014.0,Sports,0.3,0.25,0.02,0.05,0.62
113,South Park: The Fractured But Whole,2017.0,Role-Playing,0.4,0.17,0.0,0.06,0.62
114,WWE 2K15,2014.0,Sports,0.32,0.23,0.0,0.05,0.61
115,EA Sports UFC 2,2016.0,Sports,0.36,0.19,0.0,0.06,0.61
116,NHL 17,2016.0,Sports,0.52,0.01,0.0,0.06,0.6
117,Tekken 7,2017.0,Fighting,0.3,0.23,0.0,0.05,0.58
118,LEGO Marvel Super Heroes 2,2017.0,Action,0.32,0.2,0.0,0.05,0.57
119,WWE 2K17,2016.0,Sports,0.26,0.26,0.0,0.05,0.57
120,Disney Infinity 2.0: Marvel Super Heroes,2014.0,Action-Adventure,0.35,0.15,0.0,0.05,0.55
121,Just Dance 2015,2014.0,Music,0.36,0.13,0.0,0.05,0.54
122,Dragon Ball Fighter Z,2018.0,Fighting,0.38,0.09,0.0,0.05,0.52
123,Alien: Isolation,2014.0,Adventure,0.23,0.25,0.0,0.04,0.52
124,Halo Wars 2,2017.0,Strategy,0.31,0.15,0.0,0.05,0.51
125,NHL 16,2015.0,Sports,0.41,0.05,0.0,0.05,0.51
126,Lego Star Wars: The Force Awakens,2016.0,Action-Adventure,0.24,0.22,0.0,0.04,0.5
127,Mad Max (2013),2015.0,Action,0.29,0.16,0.0,0.05,0.5
128,LEGO Marvel's Avengers,2016.0,Action,0.26,0.18,0.0,0.04,0.48
129,Zoo Tycoon (2013),2013.0,Simulation,0.25,0.18,0.0,0.04,0.48
130,Steep,2016.0,Sports,0.24,0.2,0.0,0.04,0.48
131,Thief 4,2014.0,Action,0.26,0.17,0.0,0.04,0.48
132,Just Dance 2014,2013.0,Music,0.31,0.12,0.0,0.04,0.48
133,EA Sports UFC,2014.0,Fighting,0.3,0.13,0.0,0.04,0.48
134,BioShock The Collection,2016.0,Shooter,0.35,0.08,0.0,0.05,0.48
135,Dragon Ball: Xenoverse 2,2016.0,Action,0.33,0.09,0.0,0.05,0.47
136,ARK: Survival Evolved,2017.0,Action-Adventure,0.3,0.12,0.0,0.04,0.46
137,Disney Infinity 3.0,2015.0,Action,0.3,0.12,0.0,0.04,0.46
138,Prey (2017),2017.0,Shooter,0.21,0.2,0.0,0.04,0.45
139,Skylanders: Trap Team,2014.0,Platform,0.34,0.07,0.0,0.04,0.45
140,Lego Batman 3: Beyond Gotham,2014.0,Action,0.24,0.17,0.0,0.04,0.44
141,EA Sports UFC 3,2018.0,Sports,0.3,0.1,0.0,0.04,0.44
142,Rocksmith 2014,2014.0,Music,0.31,0.08,0.0,0.04,0.43
143,Sniper Elite 3,2014.0,Shooter,0.27,0.12,0.0,0.04,0.43
144,Hello Neighbor,2017.0,Action,0.27,0.11,0.0,0.04,0.42
145,NHL 15,2014.0,Sports,0.32,0.06,0.0,0.04,0.42
146,Project CARS,2015.0,Racing,0.21,0.16,0.0,0.04,0.41
147,Destiny: The Collection,2016.0,Shooter,0.25,0.12,0.0,0.04,0.41
148,Skylanders: SuperChargers,2015.0,Action-Adventure,0.31,0.05,0.0,0.04,0.4
149,Deus Ex: Mankind Divided,2016.0,Role-Playing,0.25,0.11,0.0,0.04,0.39
150,NHL 18,2017.0,Sports,0.32,0.03,0.0,0.04,0.39
151,The Evil Within II,2017.0,Action,0.25,0.1,0.0,0.04,0.39
152,Rayman Legends,2014.0,Platform,0.13,0.22,0.0,0.03,0.38
153,Just Dance 2016,2015.0,Music,0.3,0.04,0.0,0.04,0.38
154,Skylanders SWAP Force,2013.0,Misc,0.25,0.07,0.0,0.03,0.35
155,Naruto Shippuden: Ultimate Ninja Storm 4,2016.0,Fighting,0.25,0.07,0.0,0.03,0.35
156,Dragon Ball: XenoVerse,2015.0,Fighting,0.21,0.11,0.0,0.03,0.35
157,Marvel vs. Capcom: Infinite,2017.0,Fighting,0.26,0.05,0.0,0.03,0.34
158,Just Dance 2017,2016.0,Music,0.25,0.05,0.0,0.03,0.34
159,The Lego Ninjago Movie Videogame,2017.0,Action,0.21,0.09,0.0,0.03,0.33
160,The Crew 2,2018.0,Racing,0.2,0.1,0.0,0.03,0.33
161,Farming Simulator 17,2016.0,Simulation,0.19,0.11,0.0,0.03,0.33
162,METRO 2033,2014.0,Shooter,0.15,0.14,0.0,0.03,0.31
163,Hitman (2016),2017.0,Action,0.2,0.08,0.0,0.03,0.31
164,LEGO City Undercover,2017.0,Platform,0.15,0.12,0.0,0.03,0.3
165,Final Fantasy Type-0,2015.0,Role-Playing,0.2,0.07,0.0,0.03,0.3
166,Sniper Elite 4,2017.0,Shooter,0.18,0.09,0.0,0.03,0.3
167,Sonic Forces,2017.0,Platform,0.15,0.11,0.0,0.03,0.29
168,Dark Souls II,2015.0,Role-Playing,0.19,0.07,0.0,0.03,0.28
169,Battleborn,2016.0,Shooter,0.2,0.05,0.0,0.03,0.28
170,Rory McIlroy PGA Tour,2015.0,Sports,0.16,0.09,0.0,0.02,0.28
171,Assassin's Creed The Ezio Collection,2016.0,Action,0.13,0.12,0.0,0.02,0.27
172,LEGO The Hobbit,2014.0,Action-Adventure,0.13,0.13,0.0,0.02,0.27
173,Metal Gear Solid: Ground Zeroes,2014.0,Action-Adventure,0.13,0.13,0.0,0.02,0.27
174,Minecraft: Story Mode - Season Two,2017.0,Adventure,0.17,0.08,0.0,0.02,0.27
175,Skylanders Imaginators,2016.0,Platform,0.19,0.05,0.0,0.03,0.27
176,Friday the 13th: The Game,2017.0,Action,0.21,0.03,0.0,0.03,0.27
177,ReCore,2016.0,Action-Adventure,0.16,0.06,0.01,0.02,0.26
178,F1 2015,2015.0,Racing,0.09,0.15,0.0,0.02,0.25
179,L.A. Noire,2017.0,Adventure,0.14,0.09,0.0,0.02,0.25
180,Trials Fusion,2014.0,Racing,0.12,0.1,0.0,0.02,0.25
181,Call of Duty: Modern Warfare Remastered,2017.0,Shooter,0.16,0.06,0.0,0.02,0.24
182,Zumba Fitness: World Party,2013.0,Misc,0.17,0.05,0.0,0.02,0.24
183,Saints Row IV,2015.0,Action,0.13,0.09,0.0,0.02,0.24
184,Farming Simulator 2015,2015.0,Simulation,0.13,0.09,0.0,0.02,0.24
185,A Way Out,2018.0,Action,0.17,0.05,0.0,0.02,0.24
186,NBA Live 14,2013.0,Sports,0.19,0.02,0.0,0.02,0.24
187,Payday 2,2015.0,Shooter,0.14,0.07,0.0,0.02,0.23
188,DiRT 4,2017.0,Racing,0.11,0.1,0.0,0.02,0.23
189,NBA Live 15,2014.0,Sports,0.18,0.02,0.0,0.02,0.22
190,F1 2016 (Codemasters),2016.0,Racing,0.09,0.12,0.0,0.02,0.22
191,Deadpool,2015.0,Action,0.17,0.03,0.0,0.02,0.22
192,The Amazing Spider-Man 2 (2014),2014.0,Action-Adventure,0.12,0.08,0.0,0.02,0.22
193,Kingdom Come: Deliverance,2018.0,Role-Playing,0.14,0.06,0.0,0.02,0.22
194,Lords of the Fallen,2014.0,Role-Playing,0.1,0.1,0.0,0.02,0.22
195,Super Lucky's Tale,2017.0,Platform,0.13,0.07,0.0,0.02,0.22
196,DiRT Rally,2016.0,Racing,0.12,0.08,0.0,0.02,0.21
197,Just Dance 2018,2017.0,Music,0.15,0.04,0.0,0.02,0.21
198,Homefront: The Revolution,2016.0,Shooter,0.1,0.09,0.0,0.02,0.21
199,State of Decay,2015.0,Action-Adventure,0.14,0.05,0.0,0.02,0.21
200,NBA Live 18,2017.0,Sports,0.18,0.0,0.0,0.02,0.21
201,theHunter: Call of the Wild,2017.0,Shooter,0.18,0.0,0.0,0.02,0.21
202,Sleeping Dogs,2014.0,Action-Adventure,0.1,0.09,0.0,0.02,0.2
203,Project CARS 2,2017.0,Racing,0.01,0.18,0.0,0.01,0.2
204,Batman: Return to Arkham,2016.0,Action,0.12,0.06,0.0,0.02,0.2
205,Dishonored,2015.0,Action,0.13,0.05,0.0,0.02,0.19
206,One Piece: Burning Blood,2016.0,Fighting,0.11,0.07,0.0,0.02,0.19
207,Fantasia: Music Evolved,2014.0,Music,0.14,0.03,0.0,0.02,0.19
208,Mirror's Edge 2,2016.0,Platform,0.11,0.06,0.0,0.02,0.19
209,Dance Central: Spotlight,2016.0,Music,0.15,0.03,0.0,0.0,0.19
210,Naruto to Boruto: Shinobi Striker,2018.0,Action,0.17,0.0,0.0,0.02,0.19
211,XCOM 2,2016.0,Strategy,0.15,0.02,0.0,0.02,0.19
212,F1 2017,2017.0,Racing,0.04,0.13,0.0,0.01,0.19
213,Shape Up,2014.0,Sports,0.08,0.09,0.0,0.01,0.18
214,Cities: Skylines,2017.0,Simulation,0.13,0.03,0.0,0.02,0.18
215,Sniper: Ghost Warrior 3,2017.0,Shooter,0.11,0.05,0.0,0.02,0.18
216,Project Spark (Working Title),2014.0,Misc,0.11,0.05,0.0,0.02,0.17
217,Rush: A Disney Pixar Adventure,2017.0,Adventure,0.15,0.0,0.0,0.02,0.17
218,Fighter Within,2013.0,Fighting,0.08,0.07,0.0,0.01,0.17
219,Murdered: Soul Suspect,2014.0,Action-Adventure,0.08,0.07,0.0,0.01,0.17
220,Pac-Man Championship Edition 2 + Arcade Game Series,2016.0,Action,0.15,0.0,0.0,0.02,0.16
221,Angry Birds: Star Wars,2013.0,Puzzle,0.11,0.04,0.0,0.02,0.16
222,Little Nightmares,2017.0,Platform,0.12,0.03,0.0,0.02,0.16
223,The Walking Dead: Season One,2014.0,Adventure,0.08,0.06,0.0,0.01,0.16
224,Wolfenstein: The Old Blood,2015.0,Shooter,0.07,0.07,0.0,0.01,0.15
225,Pro Evolution Soccer 2015,2014.0,Sports,0.04,0.1,0.0,0.01,0.15
226,Transformer: Rise of the Dark Spark,2014.0,Shooter,0.1,0.03,0.0,0.01,0.15
227,The Escapists 2,2017.0,Action,0.05,0.08,0.0,0.01,0.15
228,Transformers: Devastation,2015.0,Action,0.1,0.04,0.0,0.01,0.15
229,Spintires: MudRunner,2017.0,Simulation,0.11,0.02,0.0,0.01,0.15
230,DmC: Devil May Cry,2015.0,Action,0.09,0.04,0.0,0.01,0.15
231,Attack on Titan (KOEI),2016.0,Action,0.06,0.07,0.0,0.01,0.15
232,Tony Hawk's Pro Skater 5,2015.0,Sports,0.11,0.02,0.0,0.01,0.14
233,Naruto Shippuden: Ultimate Ninja Storm Legacy,2017.0,Fighting,0.11,0.02,0.0,0.01,0.14
234,The Walking Dead: Season Two,2014.0,Misc,0.08,0.05,0.0,0.01,0.14
235,Resident Evil: Revelations 2,2015.0,Action,0.1,0.02,0.0,0.01,0.14
236,Dishonored: Death of the Outsider,2017.0,Action,0.07,0.06,0.0,0.01,0.14
237,Ultimate Marvel vs. Capcom 3,2017.0,Fighting,0.12,0.0,0.0,0.01,0.14
238,The Elder Scrolls Online: Morrowind,2017.0,MMO,0.09,0.03,0.0,0.01,0.14
239,Hasbro Family Fun Pack,2015.0,Misc,0.1,0.02,0.0,0.01,0.13
240,Rocksmith 2014 Edition Remastered,2016.0,Music,0.12,0.0,0.0,0.01,0.13
241,Song of the Deep,2016.0,Action,0.12,0.0,0.0,0.01,0.13
242,NBA Live 16,2015.0,Sports,0.11,0.01,0.0,0.01,0.13
243,Outlast Trinity,2017.0,Action,0.1,0.02,0.0,0.01,0.13
244,Sonic Mania,2017.0,Platform,0.09,0.03,0.0,0.01,0.13
245,Dead by Daylight,2017.0,Action,0.08,0.03,0.0,0.01,0.12
246,Darksiders III,2018.0,Action,0.11,0.0,0.0,0.01,0.12
247,Vampyr,2018.0,Role-Playing,0.07,0.04,0.0,0.01,0.12
248,The Walking Dead - The Telltale Series: A New Frontier,2017.0,Adventure,0.1,0.01,0.0,0.01,0.12
249,NASCAR Heat 2,2017.0,Racing,0.11,0.0,0.0,0.01,0.12
250,Life is Strange,2016.0,Adventure,0.08,0.03,0.0,0.01,0.12
251,Wolfenstein The Two Pack,2017.0,Shooter,0.11,0.0,0.0,0.01,0.12
252,The Surge,2017.0,Action,0.07,0.04,0.0,0.01,0.12
253,Naruto Shippuden Ultimate Ninja Storm 4: Road to Boruto,2017.0,Fighting,0.11,0.0,0.0,0.01,0.12
254,Pro Evolution Soccer 2016,2015.0,Sports,0.05,0.06,0.0,0.01,0.12
255,Pro Evolution Soccer 2018,2017.0,Sports,0.06,0.05,0.0,0.01,0.12
256,7 Days to Die,2016.0,Action,0.09,0.02,0.0,0.01,0.12
257,Zombie Army Trilogy,2015.0,Shooter,0.05,0.05,0.0,0.01,0.12
258,Prototype: Biohazard Bundle,2016.0,Action,0.1,0.0,0.0,0.01,0.11
259,Ride,2015.0,Racing,0.05,0.05,0.0,0.01,0.11
260,Agents of Mayhem,2017.0,Action,0.07,0.03,0.0,0.01,0.11
261,Metal Gear Solid V: The Definitive Experience,2016.0,Action,0.1,0.0,0.0,0.01,0.11
262,Killer Instinct (2013),2014.0,Fighting,0.07,0.03,0.0,0.01,0.11
263,MXGP 2,2016.0,Racing,0.07,0.02,0.0,0.01,0.1
264,NASCAR Heat Evolution,2016.0,Racing,0.09,0.0,0.0,0.01,0.1
265,TrackMania Turbo,2016.0,Racing,0.05,0.04,0.0,0.01,0.1
266,Divinity: Original Sin,2015.0,Role-Playing,0.06,0.03,0.0,0.01,0.1
267,Dead or Alive 5,2015.0,Fighting,0.05,0.03,0.01,0.01,0.1
268,Pro Evolution Soccer 2017,2016.0,Sports,0.05,0.03,0.0,0.01,0.1
269,Resident Evil Zero,2016.0,Action-Adventure,0.07,0.02,0.0,0.01,0.1
270,Sword Art Online: Fatal Bullet,2018.0,Role-Playing,0.09,0.0,0.0,0.01,0.1
271,Yooka-Laylee,2017.0,Platform,0.05,0.04,0.0,0.01,0.1
272,Real Farm,2017.0,Simulation,0.08,0.0,0.0,0.01,0.1
273,We Happy Few,2018.0,Action-Adventure,0.07,0.01,0.0,0.01,0.09
274,Duke Nukem 3D: 20th Anniversary World Tour,2016.0,Shooter,0.08,0.0,0.0,0.01,0.09
275,The Wolf Among Us,2014.0,Adventure,0.06,0.02,0.0,0.01,0.09
276,Attack on Titan 2,2018.0,Action,0.08,0.0,0.0,0.01,0.09
277,Rugby 15,2015.0,Sports,0.03,0.05,0.0,0.01,0.09
278,MXGP 3: The Official Motocross Videogame,2017.0,Racing,0.06,0.02,0.0,0.01,0.09
279,Bladestorm: Nightmare,2015.0,Action,0.06,0.02,0.0,0.01,0.08
280,Monster Energy Supercross - The Official Videogame,2018.0,Racing,0.08,0.0,0.0,0.01,0.08
281,America's Greatest Game Shows: Wheel of Fortune & Jeopardy!,2017.0,Misc,0.08,0.0,0.0,0.01,0.08
282,Dead Island Definitive Collection,2016.0,Action,0.05,0.03,0.0,0.01,0.08
283,Ride 2,2016.0,Racing,0.06,0.01,0.0,0.01,0.08
284,Elite: Dangerous,2017.0,Simulation,0.07,0.0,0.0,0.01,0.08
285,Just Dance: Disney Party 2,2015.0,Music,0.06,0.01,0.0,0.01,0.08
286,Bulletstorm: Full Clip Edition,2017.0,Shooter,0.06,0.01,0.0,0.01,0.08
287,Micro Machines: World Series,2017.0,Racing,0.02,0.05,0.0,0.01,0.08
288,Darksiders II,2015.0,Action-Adventure,0.05,0.03,0.0,0.01,0.08
289,Sherlock Holmes: Crimes & Punishments,2014.0,Adventure,0.03,0.04,0.0,0.01,0.08
290,Toy Soldiers: War Chest,2015.0,Action,0.07,0.0,0.0,0.01,0.08
291,BlazBlue: Chrono Phantasma Extend,2015.0,Fighting,0.06,0.01,0.0,0.01,0.08
292,Metal Gear Survive,2018.0,Action,0.05,0.01,0.0,0.01,0.08
293,The Golf Club,2015.0,Sports,0.07,0.0,0.0,0.01,0.07
294,Batman: A Telltale Game Series,2016.0,Adventure,0.06,0.01,0.0,0.01,0.07
295,Constructor HD,2017.0,Strategy,0.07,0.0,0.0,0.01,0.07
296,Teenage Mutant Ninja Turtles: Mutants in Manhattan,2016.0,Action,0.05,0.01,0.0,0.01,0.07
297,Valentino Rossi: The Game,2016.0,Racing,0.05,0.02,0.0,0.01,0.07
298,Disneyland Adventures,2017.0,Action-Adventure,0.05,0.01,0.0,0.01,0.07
299,Dynasty Warriors 8: Empires,2014.0,Action,0.04,0.02,0.0,0.01,0.07
300,Resident Evil 6,2016.0,Shooter,0.06,0.0,0.0,0.01,0.07
301,Ghostbusters (2016),2016.0,Action,0.06,0.0,0.0,0.01,0.07
302,R.B.I. Baseball 2017,2017.0,Sports,0.06,0.0,0.0,0.01,0.07
303,Aven Colony,2017.0,Strategy,0.06,0.0,0.0,0.01,0.06
304,Adventure Time: Finn & Jake Investigations,2015.0,Action,0.04,0.02,0.0,0.01,0.06
305,Atari Flashback Classics: Volume 1,2016.0,Misc,0.06,0.0,0.0,0.01,0.06
306,MotoGP 17,2017.0,Racing,0.04,0.02,0.0,0.01,0.06
307,Wasteland 2,2015.0,Role-Playing,0.05,0.01,0.0,0.01,0.06
308,MX vs ATV Supercross Encore 2017 Track Edition,2017.0,Racing,0.05,0.0,0.0,0.01,0.06
309,Cartoon Network Battle Crashers,2016.0,Action,0.05,0.01,0.0,0.01,0.06
310,Hasbro Family Fun Pack Conquest Edition,2016.0,Misc,0.05,0.0,0.0,0.01,0.06
311,Sherlock Holmes: The Devil's Daughter,2016.0,Adventure,0.05,0.0,0.0,0.01,0.06
312,MX vs. ATV Supercross Encore,2015.0,Sports,0.05,0.0,0.0,0.01,0.06
313,Killing Floor 2Ê,2017.0,Shooter,0.05,0.0,0.0,0.01,0.06
314,R.B.I. Baseball 2016,2016.0,Sports,0.05,0.0,0.0,0.01,0.06
315,Okami,2017.0,Action,0.05,0.0,0.0,0.01,0.06
316,Rapala Fishing Pro Series,2017.0,Simulation,0.05,0.0,0.0,0.01,0.06
317,Arslan: The Warriors of Legend,2016.0,Action,0.05,0.0,0.0,0.01,0.06
318,Golf Club 2,2017.0,Sports,0.05,0.0,0.0,0.01,0.06
319,Mark McMorris Infinite Air,2016.0,Sports,0.05,0.0,0.0,0.01,0.06
320,Atari Flashback Classics: Volume 2,2016.0,Misc,0.05,0.0,0.0,0.01,0.06
321,Hunting Simulator,2017.0,Shooter,0.05,0.0,0.0,0.01,0.06
322,Styx: Shards of Darknes,2017.0,Action,0.05,0.0,0.0,0.01,0.06
323,Marvel's Guardians of the Galaxy: The Telltale Series,2017.0,Adventure,0.05,0.0,0.0,0.01,0.05
324,Baja: Edge of Control HD,2017.0,Racing,0.05,0.0,0.0,0.01,0.05
325,Agatha Christie's The ABC Murders,2016.0,Adventure,0.04,0.0,0.0,0.01,0.05
326,Brothers: A Tale of Two Sons,2015.0,Adventure,0.04,0.01,0.0,0.01,0.05
327,The Walking Dead: A Telltale Series Collection,2017.0,Adventure,0.05,0.0,0.0,0.01,0.05
328,Rugby 18,2017.0,Sports,0.04,0.0,0.0,0.01,0.05
329,Has-Been Heroes,2017.0,Action,0.04,0.0,0.0,0.01,0.05
330,Deformers,2017.0,Action,0.04,0.0,0.0,0.01,0.05
331,Extinction,2018.0,Action,0.04,0.0,0.0,0.01,0.05
332,Resident Evil 4 HD,2016.0,Action-Adventure,0.04,0.0,0.0,0.01,0.05
333,The Technomancer,2016.0,Role-Playing,0.03,0.02,0.0,0.0,0.05
334,Cars 3: Driven to Win,2017.0,Racing,0.04,0.0,0.0,0.01,0.05
335,Pillars of Eternity,2017.0,Role-Playing,0.04,0.0,0.0,0.01,0.05
336,Just Sing,2016.0,Music,0.04,0.0,0.0,0.01,0.05
337,Mighty No. 9,2016.0,Platform,0.04,0.0,0.0,0.01,0.05
338,Batman: The Enemy Within,2017.0,Adventure,0.04,0.0,0.0,0.01,0.05
339,WRC 7,2017.0,Racing,0.04,0.0,0.0,0.01,0.05
340,King's Quest: The Complete Collection,2016.0,Adventure,0.04,0.0,0.0,0.01,0.05
341,Marvel Pinball: Epic Collection Volume 1,2016.0,Puzzle,0.04,0.0,0.0,0.01,0.05
342,Road Rage,2017.0,Racing,0.04,0.0,0.0,0.0,0.04
343,Dragon's Dogma,2017.0,Role-Playing,0.04,0.0,0.0,0.0,0.04
344,Deer Hunter Reloaded,2017.0,Shooter,0.04,0.0,0.0,0.0,0.04
345,Overcooked,2016.0,Action,0.04,0.0,0.0,0.0,0.04
346,Resident Evil 5 HD,2016.0,Action,0.04,0.0,0.0,0.0,0.04
347,Darksiders: Warmastered Edition,2016.0,Action-Adventure,0.04,0.0,0.0,0.0,0.04
348,Valkyria: Azure Revolution,2017.0,Role-Playing,0.04,0.0,0.0,0.0,0.04
349,Game of Thrones (Telltale),2015.0,Adventure,0.04,0.0,0.0,0.0,0.04
350,Terraria,2014.0,Action,0.0,0.04,0.0,0.0,0.04
351,Elex,2017.0,Role-Playing,0.04,0.0,0.0,0.0,0.04
352,Battle Chasers: Nightwar,2017.0,Role-Playing,0.04,0.0,0.0,0.0,0.04
353,Don't Starve,2018.0,Adventure,0.04,0.0,0.0,0.0,0.04
354,Dead Rising 2,2016.0,Action,0.03,0.0,0.0,0.0,0.04
355,Don Bradman Cricket 14,2015.0,Sports,0.0,0.04,0.0,0.0,0.04
356,Monster Jam: Crush It,2016.0,Racing,0.03,0.0,0.0,0.0,0.04
357,Shadow Warrior (2013),2014.0,Shooter,0.0,0.04,0.0,0.0,0.04
358,Dead Alliance,2017.0,Shooter,0.03,0.0,0.0,0.0,0.04
359,Warriors Orochi 3,2014.0,Action,0.01,0.03,0.0,0.0,0.04
360,Dead Rising,2016.0,Action,0.03,0.0,0.0,0.0,0.04
361,Sine Mora,2017.0,Action,0.03,0.0,0.0,0.0,0.04
362,WRC 6,2016.0,Racing,0.03,0.0,0.0,0.0,0.03
363,Black Mirror,2017.0,Adventure,0.03,0.0,0.0,0.0,0.03
364,Pure Farming 2018,2018.0,Simulation,0.03,0.0,0.0,0.0,0.03
365,MotoGP 15,2015.0,Racing,0.0,0.03,0.0,0.0,0.03
366,Raid: World War II,2017.0,Shooter,0.03,0.0,0.0,0.0,0.03
367,Carmageddon: Max Damage,2016.0,Action,0.02,0.01,0.0,0.0,0.03
368,INSIDE / LIMBO Double Pack,2017.0,Platform,0.03,0.0,0.0,0.0,0.03
369,Warhammer: The End Times - Vermintide,2016.0,Action,0.03,0.0,0.0,0.0,0.03
370,Stardew Valley,2017.0,Simulation,0.02,0.0,0.0,0.0,0.03
371,Ben 10 (2017),2017.0,Action,0.02,0.0,0.0,0.0,0.03
372,The Pillars of the Earth,2017.0,Adventure,0.02,0.0,0.0,0.0,0.03
373,Rime,2017.0,Adventure,0.02,0.0,0.0,0.0,0.03
374,Worms: WMD,2016.0,Strategy,0.02,0.0,0.0,0.0,0.02
375,Syberia III,2017.0,Adventure,0.02,0.0,0.0,0.0,0.02
376,Moto Racer 4,2016.0,Racing,0.02,0.0,0.0,0.0,0.02
377,Rugby League Live 4,2017.0,Sports,0.0,0.02,0.0,0.0,0.02
378,ABZU,2017.0,Adventure,0.02,0.0,0.0,0.0,0.02
379,Pharaonic,2017.0,Action,0.02,0.0,0.0,0.0,0.02
380,Geometry Wars 3: Dimensions Evolved,2016.0,Action,0.02,0.0,0.0,0.0,0.02
381,Resident Evil: Revelations,2017.0,Action,0.02,0.0,0.0,0.0,0.02
382,Broken Sword 5: The Serpent's Curse,2015.0,Adventure,0.0,0.02,0.0,0.0,0.02
383,Rugby World Cup 2015,2015.0,Sports,0.0,0.02,0.0,0.0,0.02
384,The Crew: Wild Run,2015.0,Racing,0.0,0.02,0.0,0.0,0.02
385,Prison Architect,2016.0,Simulation,0.02,0.0,0.0,0.0,0.02
386,The Dwarves,2016.0,Role-Playing,0.02,0.0,0.0,0.0,0.02
387,Big Buck Hunter Arcade,2017.0,Shooter,0.02,0.0,0.0,0.0,0.02
388,Redout,2017.0,Racing,0.02,0.0,0.0,0.0,0.02
389,Troll and I,2017.0,Action,0.02,0.0,0.0,0.0,0.02
390,Portal Knights,2017.0,Role-Playing,0.02,0.0,0.0,0.0,0.02
391,Shaq-Fu: A Legend Reborn,2018.0,Action,0.02,0.0,0.0,0.0,0.02
392,Psycho-Pass,2014.0,Visual Novel,0.0,0.0,0.02,0.0,0.02
393,Tropico 5,2016.0,Simulation,0.02,0.0,0.0,0.0,0.02
394,Back to the Future: The Game,2015.0,Adventure,0.0,0.02,0.0,0.0,0.02
395,Saints Row: Gat out of Hell,2015.0,Action,0.0,0.02,0.0,0.0,0.02
396,Mega Man Legacy Collection 2,2017.0,Action,0.02,0.0,0.0,0.0,0.02
397,Dungeons 3,2017.0,Strategy,0.02,0.0,0.0,0.0,0.02
398,Blackguards 2,2017.0,Strategy,0.02,0.0,0.0,0.0,0.02
399,Rogue Trooper: Redux,2017.0,Shooter,0.02,0.0,0.0,0.0,0.02
400,Vikings: Wolves of Midgard,2017.0,Action,0.01,0.0,0.0,0.0,0.02
401,The Inner World: The Last Wind Monk,2017.0,Puzzle,0.01,0.0,0.0,0.0,0.02
402,Assetto Corsa,2016.0,Racing,0.0,0.01,0.0,0.0,0.02
403,Le Tour de France 2017,2017.0,Simulation,0.0,0.01,0.0,0.0,0.02
404,Lock's Quest,2017.0,Strategy,0.01,0.0,0.0,0.0,0.02
405,WRC 5: FIA World Rally Championship,2015.0,Racing,0.0,0.01,0.0,0.0,0.02
406,FlatOut 4: Total Insanity,2017.0,Racing,0.01,0.0,0.0,0.0,0.01
407,Shadow Tactics: Blades of the Shogun,2017.0,Strategy,0.01,0.0,0.0,0.0,0.01
408,The Town of Light,2017.0,Adventure,0.01,0.0,0.0,0.0,0.01
409,Goat Simulator,2016.0,Simulation,0.0,0.01,0.0,0.0,0.01
410,Rugby League Live 3,2015.0,Sports,0.0,0.01,0.0,0.0,0.01
411,Assassin's Creed Chronicles,2016.0,Action,0.0,0.01,0.0,0.0,0.01
412,Sbastien Loeb Rally Evo,2016.0,Racing,0.0,0.01,0.0,0.0,0.01
413,Rugby Challenge 3,2016.0,Sports,0.0,0.01,0.0,0.0,0.01
414,Rabbids Invasion: The Interactive TV Show,2014.0,Misc,0.0,0.01,0.0,0.0,0.01
415,ZombiU,2016.0,Action,0.0,0.01,0.0,0.0,0.01
416,This War of Mine,2016.0,Action,0.0,0.01,0.0,0.0,0.01
417,Battle Worlds: Kronos,2016.0,Strategy,0.01,0.0,0.0,0.0,0.01
418,ScreamRide,2015.0,Simulation,0.0,0.01,0.0,0.0,0.01
419,Torment: Tides of Numenera,2017.0,Role-Playing,0.01,0.0,0.0,0.0,0.01
420,Ziggurat,2016.0,Shooter,0.0,0.01,0.0,0.0,0.01
421,ATV Renegades,2017.0,Racing,0.0,0.0,0.0,0.0,0.01
422,This Is The Police,2017.0,Simulation,0.0,0.0,0.0,0.0,0.01
423,Valhalla Hills,2017.0,Strategy,0.0,0.0,0.0,0.0,0.0
424,Handball 16,2015.0,Sports,0.0,0.0,0.0,0.0,0.0
425,Shovel Knight,2015.0,Platform,0.0,0.0,0.0,0.0,0.0
426,Blood Bowl 2,2015.0,Sports,0.0,0.0,0.0,0.0,0.0
427,The Peanuts Movie: Snoopy's Grand Adventure,2015.0,Platform,0.0,0.0,0.0,0.0,0.0
428,Farming 2017 - The Simulation,2016.0,Simulation,0.0,0.0,0.0,0.0,0.0
429,Kung Fu Panda: Showdown of Legendary Legends,2015.0,Action,0.0,0.0,0.0,0.0,0.0
430,Strider (2014),2014.0,Platform,0.0,0.0,0.0,0.0,0.0
431,The Amazing Spider-Man 2,2014.0,Misc,0.0,0.0,0.0,0.0,0.0
432,Mega Man Legacy Collection,2016.0,Platform,0.0,0.0,0.0,0.0,0.0
433,A Boy and His Blob,2016.0,Platform,0.0,0.0,0.0,0.0,0.0
434,Agatha Christie: The ABC Murders,2016.0,Adventure,0.0,0.0,0.0,0.0,0.0
435,Ancients of Ooga - The Forgotten Chapters,2016.0,Platform,0.0,0.0,0.0,0.0,0.0
436,Another World,2016.0,Adventure,0.0,0.0,0.0,0.0,0.0
437,Bladestorm: The Hundred Years' War,2015.0,Action,0.0,0.0,0.0,0.0,0.0
438,Brothers in Arms: Furious 4,2019.0,Shooter,0.0,0.0,0.0,0.0,0.0
439,Buzz Buzz Bang,2016.0,Action,0.0,0.0,0.0,0.0,0.0
440,Woolfe: The Red Hood Diaries,2016.0,Adventure,0.0,0.0,0.0,0.0,0.0
441,SlashDash,2016.0,Action,0.0,0.0,0.0,0.0,0.0
442,Devil May Cry 4,2015.0,Action,0.0,0.0,0.0,0.0,0.0
443,#IDARB,2016.0,Action,0.0,0.0,0.0,0.0,0.0
444,Frog Toss,2016.0,Misc,0.0,0.0,0.0,0.0,0.0
445,Gran Turismo 5 Prologue Spec III,2014.0,Misc,0.0,0.0,0.0,0.0,0.0
446,Industry Giant II,2017.0,Strategy,0.0,0.0,0.0,0.0,0.0
447,Killer Instinct,2020.0,Misc,0.0,0.0,0.0,0.0,0.0
448,King's Quest I: Quest for the Crown (VGA Version),2016.0,Misc,0.0,0.0,0.0,0.0,0.0
449,LIMBO,2016.0,Platform,0.0,0.0,0.0,0.0,0.0
450,Mount & Blade: Warband,2016.0,Role-Playing,0.0,0.0,0.0,0.0,0.0
451,Neverwinter,2016.0,Role-Playing,0.0,0.0,0.0,0.0,0.0
452,Pier Solar and the Great Architects,2016.0,Role-Playing,0.0,0.0,0.0,0.0,0.0
453,Spectra 8bit Racing,2016.0,Racing,0.0,0.0,0.0,0.0,0.0
454,Nero,2016.0,Puzzle,0.0,0.0,0.0,0.0,0.0
455,Pinball FX 2,2016.0,Misc,0.0,0.0,0.0,0.0,0.0
456,Gran Turismo HD Concept,2016.0,Misc,0.0,0.0,0.0,0.0,0.0
457,Dear Esther,2016.0,Adventure,0.0,0.0,0.0,0.0,0.0
458,Lightning Returns: Final Fantasy XIII,2013.0,Misc,0.0,0.0,0.0,0.0,0.0
459,Oddworld: Abe's Oddysee New N' Tasty!,2016.0,Platform,0.0,0.0,0.0,0.0,0.0
460,Lifeless Planet,2016.0,Puzzle,0.0,0.0,0.0,0.0,0.0
461,Slender: The Arrival,2015.0,Adventure,0.0,0.0,0.0,0.0,0.0
462,Lovers in a Dangerous Spacetime,2016.0,Action,0.0,0.0,0.0,0.0,0.0
463,Human Element,2015.0,Misc,0.0,0.0,0.0,0.0,0.0
464,Whore of the Orient,2020.0,Misc,0.0,0.0,0.0,0.0,0.0
465,Max: the Curse of Brotherhood,2016.0,Action-Adventure,0.0,0.0,0.0,0.0,0.0
466,Axiom Verge,2016.0,Action,0.0,0.0,0.0,0.0,0.0
467,Guacamelee!,2016.0,Action,0.0,0.0,0.0,0.0,0.0
468,Carmageddon: Reincarnation,2015.0,Misc,0.0,0.0,0.0,0.0,0.0
469,The Banner Saga,2016.0,Role-Playing,0.0,0.0,0.0,0.0,0.0
470,Cobalt,2016.0,Action,0.0,0.0,0.0,0.0,0.0
471,Plague Inc.,2016.0,Strategy,0.0,0.0,0.0,0.0,0.0
472,BADLAND,2016.0,Action,0.0,0.0,0.0,0.0,0.0
473,Halo: Spartan Assault,2016.0,Shooter,0.0,0.0,0.0,0.0,0.0
474,Halo 6,2020.0,Shooter,0.0,0.0,0.0,0.0,0.0
475,D4,2016.0,Adventure,0.0,0.0,0.0,0.0,0.0
476,Crimson Dragon,2016.0,Shooter,0.0,0.0,0.0,0.0,0.0
477,Below,2016.0,Action-Adventure,0.0,0.0,0.0,0.0,0.0
478,Peggle 2,2016.0,Misc,0.0,0.0,0.0,0.0,0.0
479,LocoCycle,2016.0,Action,0.0,0.0,0.0,0.0,0.0
480,Powerstar Golf,2016.0,Sports,0.0,0.0,0.0,0.0,0.0
481,Kingdom Hearts III,2019.0,Role-Playing,0.0,0.0,0.0,0.0,0.0
482,Black Tusk Studios Game,2020.0,Misc,0.0,0.0,0.0,0.0,0.0
483,KickBeat,2016.0,Misc,0.0,0.0,0.0,0.0,0.0
484,Reus,2016.0,Strategy,0.0,0.0,0.0,0.0,0.0
485,Rogue Legacy,2016.0,Action,0.0,0.0,0.0,0.0,0.0
486,Defense Grid 2,2016.0,Misc,0.0,0.0,0.0,0.0,0.0
487,Hellraid,2016.0,Misc,0.0,0.0,0.0,0.0,0.0
488,There Came an Echo,2016.0,Misc,0.0,0.0,0.0,0.0,0.0
489,Strike Suit Zero,2016.0,Misc,0.0,0.0,0.0,0.0,0.0
490,Fable Legends,2019.0,Role-Playing,0.0,0.0,0.0,0.0,0.0
491,WonderFlick,2014.0,Misc,0.0,0.0,0.0,0.0,0.0
492,Monochroma,2014.0,Misc,0.0,0.0,0.0,0.0,0.0
493,FORCED,2016.0,Role-Playing,0.0,0.0,0.0,0.0,0.0
494,Sea Animal Games for Toddlers and Kids with Jigsaw Puzzles,2013.0,Misc,0.0,0.0,0.0,0.0,0.0
495,Unmechanical,2016.0,Puzzle,0.0,0.0,0.0,0.0,0.0
496,Divekick,2016.0,Fighting,0.0,0.0,0.0,0.0,0.0
497,Child of Light,2016.0,Role-Playing,0.0,0.0,0.0,0.0,0.0
498,Valiant Hearts: The Great War,2016.0,Adventure,0.0,0.0,0.0,0.0,0.0
499,Hyper Light Drifter,2016.0,Role-Playing,0.0,0.0,0.0,0.0,0.0
500,Legend of Raven,2016.0,Misc,0.0,0.0,0.0,0.0,0.0
501,Xbox Fitness,2016.0,Misc,0.0,0.0,0.0,0.0,0.0
502,Raven's Cry,2014.0,Role-Playing,0.0,0.0,0.0,0.0,0.0
503,Shantae: Half-Genie Hero,2016.0,Platform,0.0,0.0,0.0,0.0,0.0
504,Tales from the Borderlands,2014.0,Adventure,0.0,0.0,0.0,0.0,0.0
505,Get Even,2015.0,Misc,0.0,0.0,0.0,0.0,0.0
506,Threes!,2016.0,Puzzle,0.0,0.0,0.0,0.0,0.0
507,Worms Battlegrounds,2016.0,Strategy,0.0,0.0,0.0,0.0,0.0
508,Stranger of Sword City,2016.0,Role-Playing,0.0,0.0,0.0,0.0,0.0
509,The Book of Unwritten Tales 2,2015.0,Adventure,0.0,0.0,0.0,0.0,0.0
510,Puyo Puyo Tetris,2014.0,Puzzle,0.0,0.0,0.0,0.0,0.0
511,Razor Global Domination Pro TourÊ,2016.0,Misc,0.0,0.0,0.0,0.0,0.0
512,Gone HomeÊ,2016.0,Adventure,0.0,0.0,0.0,0.0,0.0
513,Costume Quest 2,2016.0,Role-Playing,0.0,0.0,0.0,0.0,0.0
514,Aztez,2016.0,Misc,0.0,0.0,0.0,0.0,0.0
515,Not a Hero,2016.0,Misc,0.0,0.0,0.0,0.0,0.0
516,Cult County,2015.0,Misc,0.0,0.0,0.0,0.0,0.0
517,Adr1ft,2016.0,Adventure,0.0,0.0,0.0,0.0,0.0
518,R.B.I. Baseball 14,2014.0,Misc,0.0,0.0,0.0,0.0,0.0
519,Blue EstateÊ,2014.0,Misc,0.0,0.0,0.0,0.0,0.0
520,Source,2016.0,Misc,0.0,0.0,0.0,0.0,0.0
521,Chariot,2016.0,Adventure,0.0,0.0,0.0,0.0,0.0
522,Super Time Force,2016.0,Misc,0.0,0.0,0.0,0.0,0.0
523,Pure PoolÊ,2016.0,Sports,0.0,0.0,0.0,0.0,0.0
524,Never Alone,2016.0,Misc,0.0,0.0,0.0,0.0,0.0
525,Space Hulk: Deathwing,2015.0,Shooter,0.0,0.0,0.0,0.0,0.0
526,Red Goddess: Inner Mind,2016.0,Platform,0.0,0.0,0.0,0.0,0.0
527,Mystereet F: The Detectives' Curtain Call,2014.0,Misc,0.0,0.0,0.0,0.0,0.0
528,Chaos;Child,2014.0,Visual Novel,0.0,0.0,0.0,0.0,0.0
529,Fenix Rage,2016.0,Platform,0.0,0.0,0.0,0.0,0.0
530,FRU,2016.0,Puzzle,0.0,0.0,0.0,0.0,0.0
531,Shiness: The Lightning Kingdom,2016.0,Role-Playing,0.0,0.0,0.0,0.0,0.0
532,Ori and the Blind Forest,2016.0,Platform,0.0,0.0,0.0,0.0,0.0
533,Phantom Dust (2015),2016.0,Action,0.0,0.0,0.0,0.0,0.0
534,Scalebound,2014.0,Action,0.0,0.0,0.0,0.0,0.0
535,Crackdown 3,2019.0,Action,0.0,0.0,0.0,0.0,0.0
536,EA Sports PGA Tour,2015.0,Sports,0.0,0.0,0.0,0.0,0.0
537,Lara Croft and the Temple of Osiris,2014.0,Action,0.0,0.0,0.0,0.0,0.0
538,Wulverblade,2016.0,Action,0.0,0.0,0.0,0.0,0.0
539,Gunscape,2016.0,Action,0.0,0.0,0.0,0.0,0.0
540,Cuphead,2016.0,Action,0.0,0.0,0.0,0.0,0.0
541,Knight Squad,2016.0,Action,0.0,0.0,0.0,0.0,0.0
542,Dead Island 2,2017.0,Action,0.0,0.0,0.0,0.0,0.0
543,Inside,2016.0,Platform,0.0,0.0,0.0,0.0,0.0
544,Tetris UltimateÊ,2014.0,Puzzle,0.0,0.0,0.0,0.0,0.0
545,Afro Samurai 2,2015.0,Action,0.0,0.0,0.0,0.0,0.0
546,The Legend of Korra (2014),2014.0,Action,0.0,0.0,0.0,0.0,0.0
547,Azito x Tatsunoko Legends,2016.0,Simulation,0.0,0.0,0.0,0.0,0.0
548,Shooting Love Trilogy,2015.0,Shooter,0.0,0.0,0.0,0.0,0.0
549,AirMech Arena,2016.0,Action,0.0,0.0,0.0,0.0,0.0
550,The Walking Dead: Season Three,2016.0,Action,0.0,0.0,0.0,0.0,0.0
551,King of Wushu,2015.0,Action,0.0,0.0,0.0,0.0,0.0
552,MercuryÊ,2015.0,Action,0.0,0.0,0.0,0.0,0.0
553,Pneuma: Breath of Life,2016.0,Puzzle,0.0,0.0,0.0,0.0,0.0
554,The Escapists,2016.0,Action,0.0,0.0,0.0,0.0,0.0
555,Superhot,2016.0,Shooter,0.0,0.0,0.0,0.0,0.0
556,Spectra,2016.0,Racing,0.0,0.0,0.0,0.0,0.0
557,Space Engineers,2016.0,Simulation,0.0,0.0,0.0,0.0,0.0
558,No Time to Explain,2016.0,Action,0.0,0.0,0.0,0.0,0.0
559,Funk of Titans,2016.0,Platform,0.0,0.0,0.0,0.0,0.0
560,Fruit Ninja Kinect 2,2016.0,Action,0.0,0.0,0.0,0.0,0.0
561,Blues and Bullets,2016.0,Action-Adventure,0.0,0.0,0.0,0.0,0.0
562,Game 4,2016.0,Strategy,0.0,0.0,0.0,0.0,0.0
563,Raiden V,2016.0,Action,0.0,0.0,0.0,0.0,0.0
564,Assassin's Creed Chronicles: China,2015.0,Action-Adventure,0.0,0.0,0.0,0.0,0.0
565,Pathologic,2015.0,Adventure,0.0,0.0,0.0,0.0,0.0
566,Geometry Wars 3: Dimensions,2016.0,Shooter,0.0,0.0,0.0,0.0,0.0
567,Assassin's Creed: Victory,2015.0,Action,0.0,0.0,0.0,0.0,0.0
568,The Banner Saga 2,2016.0,Role-Playing,0.0,0.0,0.0,0.0,0.0
569,Gigantic,2016.0,Action,0.0,0.0,0.0,0.0,0.0
570,Magic Duels: Origin,2016.0,Misc,0.0,0.0,0.0,0.0,0.0
571,Shiftlings,2016.0,Platform,0.0,0.0,0.0,0.0,0.0
572,Oceanhorn: Monster of Uncharted Seas,2016.0,Action,0.0,0.0,0.0,0.0,0.0
573,Beyond Eyes,2016.0,Adventure,0.0,0.0,0.0,0.0,0.0
574,Inside My Radio,2016.0,Platform,0.0,0.0,0.0,0.0,0.0
575,Kaiju Panic,2016.0,Strategy,0.0,0.0,0.0,0.0,0.0
576,Tembo the Badass Elephant,2016.0,Platform,0.0,0.0,0.0,0.0,0.0
577,Assassin's Creed Chronicles: Russia,2016.0,Action,0.0,0.0,0.0,0.0,0.0
578,Assassin's Creed Chronicles: India,2016.0,Action,0.0,0.0,0.0,0.0,0.0
579,Overlord: Fellowship of Evil,2016.0,Action,0.0,0.0,0.0,0.0,0.0
580,R.B.I. Baseball 15,2015.0,Sports,0.0,0.0,0.0,0.0,0.0
581,The Walking Dead: Michonne,2016.0,Adventure,0.0,0.0,0.0,0.0,0.0
582,Unravel,2016.0,Platform,0.0,0.0,0.0,0.0,0.0
583,Tachyon Project,2016.0,Action,0.0,0.0,0.0,0.0,0.0
584,Cross Reverie,2017.0,Role-Playing,0.0,0.0,0.0,0.0,0.0
585,Goosebumps: The Game,2016.0,Adventure,0.0,0.0,0.0,0.0,0.0
586,The Escapists: The Walking Dead,2015.0,Action,0.0,0.0,0.0,0.0,0.0
587,Woodcutter Simulator 2016,2015.0,Action,0.0,0.0,0.0,0.0,0.0
588,Professional Farmer 2016,2015.0,Action,0.0,0.0,0.0,0.0,0.0
589,Professional Lumberjack 2016,2015.0,Simulation,0.0,0.0,0.0,0.0,0.0
590,Alekhine's Gun,2016.0,Action,0.0,0.0,0.0,0.0,0.0
591,World to the West,2017.0,Action-Adventure,0.0,0.0,0.0,0.0,0.0
592,The Binding of Isaac: Rebirth,2016.0,Action,0.0,0.0,0.0,0.0,0.0
593,Super Dungeon Bros,2016.0,Action,0.0,0.0,0.0,0.0,0.0
594,Pro Cycling Manager 2016,2016.0,Sports,0.0,0.0,0.0,0.0,0.0
595,De-formers,2016.0,Action,0.0,0.0,0.0,0.0,0.0
596,Wonder Boy: The Dragon's Trap (Remake),2016.0,Platform,0.0,0.0,0.0,0.0,0.0
597,Rock of Ages II: Bigger and Boulder,2016.0,Action,0.0,0.0,0.0,0.0,0.0
598,Fe,2016.0,Action,0.0,0.0,0.0,0.0,0.0
599,We Sing (2016),2016.0,Music,0.0,0.0,0.0,0.0,0.0
600,Don Bradman Cricket 17,2016.0,Sports,0.0,0.0,0.0,0.0,0.0
601,Ace Combat 7: Skies Unknown,2019.0,Shooter,0.0,0.0,0.0,0.0,0.0
602,The Sexy Brutale,2016.0,Adventure,0.0,0.0,0.0,0.0,0.0
603,Metro Exodus,2019.0,Shooter,0.0,0.0,0.0,0.0,0.0
604,Anthem,2019.0,Role-Playing,0.0,0.0,0.0,0.0,0.0
605,AereA,2017.0,Role-Playing,0.0,0.0,0.0,0.0,0.0
606,Moons Of Madness,2018.0,Role-Playing,0.0,0.0,0.0,0.0,0.0
607,Iron Harvest,2018.0,Strategy,0.0,0.0,0.0,0.0,0.0
608,Biomutant,2018.0,Action,0.0,0.0,0.0,0.0,0.0
609,Biomutant,2019.0,Action,0.0,0.0,0.0,0.0,0.0
610,de Blob,2017.0,Platform,0.0,0.0,0.0,0.0,0.0
611,Outcast: Second Contact,2017.0,Adventure,0.0,0.0,0.0,0.0,0.0
612,Code Vein,2019.0,Action,0.0,0.0,0.0,0.0,0.0
